Species	Stable ID Abbv	2-Digit Abbv	4-Digit Abbv	Gspecies Abbv	Homology Method	Recip. % identity	Primary External Ref Outgoing Link	Sequence data source	Clade	NCBI	Familiar name
Actinidia chinensis	ACH	Ac	achi	achinensis	Compara	30	Ensembl Gramene	Ensembl Gramene	d	3625	Kiwifruit
Aegilops tauschii	ATA	Ata	atau	athaliana	Compara	40	Ensembl Gramene	Ensembl Gramene	m	37682	
Amborella trichopoda	ATR	Atr	atri	atrichopoda	Compara	30	Ensembl Gramene	Ensembl Gramene	a	13333	
Arabidopsis halleri	AHA	Ah	ahal	ahalleri	Compara	30	Ensembl Gramene	Ensembl Gramene	d	81970	
Arabidopsis lyrata	ALY	Al	alyr	alyrata	Compara	30	Ensembl Gramene	Ensembl Gramene	d	59689	
Arabidopsis thaliana	ATH	At	atha	atauschii	Compara	30	TAIR	Ensembl Gramene	d	3702	
Beta vulgaris	BVU	Bv	bvul	bvulgaris	Compara	30	Ensembl Gramene	Ensembl Gramene	d	161934	
Brachypodium distachyon	BDI	Bd	bdis	bdistachyon	Compara	40	Ensembl Gramene	Ensembl Gramene	m	15368	
Brassica napus	BNA	Bn	bnap	bnapus	Compara	30	Ensembl Gramene	Ensembl Gramene	d	3708	
Brassica oleracea	BOL	Bo	bole	boleracea	Compara	30	Ensembl Gramene	Ensembl Gramene	d	3712	
Brassica rapa	BRA	Br	brap	brapa	Compara	30	Ensembl Gramene	Ensembl Gramene	d	3711	
Capsicum annuum	CAN	Can	cann	cannuum	Compara	30	Ensembl Gramene	Ensembl Gramene	d	4072	
Chlamydomonas reinhardtii	CRE	Cr	crei	creinhardtii	Compara	28	Ensembl Gramene	Ensembl Gramene	c	3055	
Chondrus crispus	CCR	Ccr	ccri	ccrispus	Compara	28	Ensembl Gramene	Ensembl Gramene	r	2769	carrageen moss
Coffea canephora	CCN	Cca	ccan	ccanephora	Compara	30	Ensembl Gramene	Ensembl Gramene	d	49390	
Corchorus capsularis	CCP	Ccp	ccap	ccapsularis	Compara	30	Ensembl Gramene	Ensembl Gramene	d	210143	white jute
Cucumis sativus	CSA	Csa	csat	csativus	Compara	30	Ensembl Gramene	Ensembl Gramene	d	3659	cucumber
Cyanidioschyzon merolae	CME	Cm	cmer	cmerolae	Compara	28	Ensembl Gramene	Ensembl Gramene	r	45157	
Cynara cardunculus var. scolymus	CCD	Ccar			Compara	30	Ensembl Gramene	Ensembl Gramene	d	59895	artichoke
Daucus carota	DCA	Dc	dcar	dcarota	Compara	30	Ensembl Gramene	Ensembl Gramene	d	4039	wild carrot
Dioscorea rotundata	DRO	Dr	drot	drotundata	Compara	40	Ensembl Gramene	Ensembl Gramene	m	55577	white guinea yam
Eragrostis tef	ETE	Et			Compara	40	Ensembl Gramene	Ensembl Gramene	m	110835	teff
Galdieria sulphuraria	GSU	Gs	gsul	gsulphuraria	Compara	28	Ensembl Gramene	Ensembl Gramene	r	130081	a red algae
Glycine max	GMA	Gm	gmax	gmax	Compara	30	Ensembl Gramene	Ensembl Gramene	d	3847	
Gossypium raimondii	GRA	Gr	grai	graimondii	Compara	30	Ensembl Gramene	Ensembl Gramene	d	29730	
Helianthus annuus	HAN	Ha	hann	hannuus	Compara	30	Ensembl Gramene	Ensembl Gramene	d	4232	common sunflower
Hordeum vulgare	HVU	Hv	hvul	hvulgare	Compara	40	Ensembl Gramene	Ensembl Gramene	m	4513	
Leersia perrieri	LPE	Lp	lper	lperrieri	Compara	40	Ensembl Gramene	Ensembl Gramene	m	77586	
Lupinus angustifolius	LAN	La	lang	langustifolius	Compara	30	Ensembl Gramene	Ensembl Gramene	d	3871	narrow-leaved blue lupine
Manihot esculenta	MES	Me	mesc	mesculenta	Compara	30	Ensembl Gramene	Ensembl Gramene	d	3983	
Marchantia polymorpha	MPO	Mp			Compara	28	Ensembl Gramene	Ensembl Gramene	r	3197	liverwort
Medicago truncatula	MTR	Mt	mtru	mtruncatula	Compara	30	Ensembl Gramene	Ensembl Gramene	d	3880	
Musa acuminata	MAC	Ma	macu	macuminata	Compara	40	Ensembl Gramene	Ensembl Gramene	m	4641	
Nicotiana attenuata	NAT	Na	natt	nattenuata	Compara	30	Ensembl Gramene	Ensembl Gramene	d	49451	tobacco
Oryza barthii	OBA	Oba	obar	obarthii	Compara	40	Ensembl Gramene	Ensembl Gramene	m	65489	
Oryza brachyantha	OBR	Obr	obra	obrachyantha	Compara	40	Ensembl Gramene	Ensembl Gramene	m	4533	
Oryza glaberrima	OGL	Ogla	ogla	oglaberrima	Compara	40	Ensembl Gramene	Ensembl Gramene	m	4538	
Oryza glumaepatula	OGU	Oglu	oglu	oglumaepatula	Compara	40	Ensembl Gramene	Ensembl Gramene	m	40148	
Oryza longistaminata	OLO	Ol	olon	olongistaminata	Compara	40	Ensembl Gramene	Ensembl Gramene	m	4528	
Oryza meridionalis	OME	Ome	omer	omeridionalis	Compara	40	Ensembl Gramene	Ensembl Gramene	m	40149	
Oryza nivara	ONI	On	oniv	onivara	Compara	40	Ensembl Gramene	Ensembl Gramene	m	4536	
Oryza punctata	OPU	Op	opun	opunctata	Compara	40	Ensembl Gramene	Ensembl Gramene	m	4537	
Oryza rufipogon	ORU	Or	oruf	orufipogon	Compara	40	Ensembl Gramene	Ensembl Gramene	m	4529	
Oryza sativa Indica Group	OSI	Osi	osai	oindica	Compara	40	Ensembl Gramene	Ensembl Gramene	m	39946	
Ostreococcus lucimarinus	OLU	Olu	oluc	olucimarinus	Compara	28	Ensembl Gramene	Ensembl Gramene	c	242159	
Panicum hallii	PHA	Ph	phal	phallii_fil2	Compara	40	Ensembl Gramene	Ensembl Gramene	m	206008	Hall's panicgrass
Panicum hallii var. hallii	PHH	Phh	phvh	phallii_hal2	Compara	40	Ensembl Gramene	Ensembl Gramene	m	1504633	Hall's panicgrass
Phaseolus vulgaris	PVU	Pv	pvul	pvulgaris	Compara	30	Ensembl Gramene	Ensembl Gramene	d	3885	
Physcomitrella patens	PPA	Ppa	ppat	ppatens	Compara	28	Ensembl Gramene	Ensembl Gramene	b	3218	
Populus trichocarpa	PTI (old: PTR)	Pt	ptri	ptrichocarpa	Compara	30	Ensembl Gramene	Ensembl Gramene	d	3694	
Prunus persica	PPE	Pp	pper	ppersica	Compara	30	Ensembl Gramene	Ensembl Gramene	d	3760	
Selaginella moellendorffii	SMO	Sm	smoe	smoellendorffii	Compara	28	Ensembl Gramene	Ensembl Gramene	l	88036	
Setaria italica	SIT	Si	sita	sitalica	Compara	40	Ensembl Gramene	Ensembl Gramene	m	4555	
Solanum lycopersicum	SLY	Sl	slyc	slycopersicum	Compara	30	Ensembl Gramene	Ensembl Gramene	d	4081	
Solanum tuberosum	STU	St	stub	stuberosum	Compara	30	Ensembl Gramene	Ensembl Gramene	d	4113	
Sorghum bicolor	SBI	Sb	sbic	sbicolor	Compara	40	Ensembl Gramene	Ensembl Gramene	m	4558	
Theobroma cacao	TCA	Tc	tcac	tcacao	Compara	30	Ensembl Gramene	Ensembl Gramene	d	3641	
Trifolium pratense	TPR	Tp	tpra	tpratense	Compara	30	Ensembl Gramene	Ensembl Gramene	d	57577	
Triticum aestivum	TAE	Ta	taes	taestivum	Compara	40	Ensembl Gramene	Ensembl Gramene	m	4565	
Triticum dicoccoides	TDI	Td	tdic	tdicoccoides	Compara	40	Ensembl Gramene	Ensembl Gramene	m	85692	wild emmer wheat
Triticum turgidum	TTU	Tt	ttur	tturgidum	Compara	40	Ensembl Gramene	Ensembl Gramene	m	4571	
Triticum urartu	TUR	Tu	tura	turartu	Compara	40	Ensembl Gramene	Ensembl Gramene	m	4572	
Vigna angularis	VAN	Va	vang	vangularis	Compara	30	Ensembl Gramene	Ensembl Gramene	d	3914	adzuki bean
Vigna radiata	VRA	Vr	vrad	vradiata	Compara	30	Ensembl Gramene	Ensembl Gramene	d	157791	mung bean
Vitis vinifera	VVN (old: VVI)	Vv	vvin	vvinifera	Compara	30	Ensembl Gramene	Ensembl Gramene	d	29760	
Zea mays	ZMA	Zm	zmay	zmays	Compara	40	MaizeGDB	Ensembl Gramene	m	4577	
